_NAME_,_LABEL_,sample_ret_coeffs,test_ret_coeffs,total_ret_coeffs
GRADE_BY_STEP4ALL_OTHER_610,GRADE_BY_STEP4 ALL OTHER 610,-0.214791278,-0.194489583,0.8343923496
GRADE_BY_STEP4ALL_OTHER_610tenur,GRADE_BY_STEP4 ALL OTHER 610 * tenure_capped,0.0531764715,0.0533920141,0.0154516919
GRADE_BY_STEP4ALL_OTHER_620,GRADE_BY_STEP4 ALL OTHER 620,-0.186987849,-0.043757299,0.8337137944
GRADE_BY_STEP4ALL_OTHER_620tenur,GRADE_BY_STEP4 ALL OTHER 620 * tenure_capped,0.052920137,0.0435975535,0.0132305702
GRADE_BY_STEP4ALL_OTHER_621,GRADE_BY_STEP4 ALL OTHER 621,0.6596770707,0.6448954459,1.7222440487
GRADE_BY_STEP4ALL_OTHER_621tenur,GRADE_BY_STEP4 ALL OTHER 621 * tenure_capped,0.0302687132,0.0209440916,-0.013857785
GRADE_BY_STEP4occ_610_grade_1_10,GRADE_BY_STEP4 occ_610_grade_1_step_10,0.1950327542,0.4530870523,1.3890783559
GRADE_BY_STEP4occ_610_grade_1_11,GRADE_BY_STEP4 occ_610_grade_1_step_11,-0.61307198,-0.121302491,0.6603430529
GRADE_BY_STEP4occ_610_grade_1_12,GRADE_BY_STEP4 occ_610_grade_1_step_12,-0.161480715,-0.04367912,0.9309503903
GRADE_BY_STEP4occ_610_grade_1_13,GRADE_BY_STEP4 occ_610_grade_1_step_13,0.0513190902,0.273112461,1.1850664276
GRADE_BY_STEP4occ_610_grade_1_14,GRADE_BY_STEP4 occ_610_grade_1_step_14,0.4869881474,0.3727695131,1.358914065
GRADE_BY_STEP4occ_610_grade_1_15,GRADE_BY_STEP4 occ_610_grade_1_step_X,0.2856458796,0.3530805248,1.2789899046
GRADE_BY_STEP4occ_610_grade_1_16,GRADE_BY_STEP4 occ_610_grade_1_step_01 * tenure_capped,0.2170516257,0.149725247,0.1606919898
GRADE_BY_STEP4occ_610_grade_1_17,GRADE_BY_STEP4 occ_610_grade_1_step_02 * tenure_capped,-0.091738907,-0.075528303,0.3272451359
GRADE_BY_STEP4occ_610_grade_1_18,GRADE_BY_STEP4 occ_610_grade_1_step_03 * tenure_capped,-0.007192685,-0.012301556,-0.055029597
GRADE_BY_STEP4occ_610_grade_1_19,GRADE_BY_STEP4 occ_610_grade_1_step_04 * tenure_capped,-0.353628083,-0.330045693,-0.270412892
GRADE_BY_STEP4occ_610_grade_1_20,GRADE_BY_STEP4 occ_610_grade_1_step_05 * tenure_capped,0.0893271063,0.1166130514,0.0661485791
GRADE_BY_STEP4occ_610_grade_1_21,GRADE_BY_STEP4 occ_610_grade_1_step_06 * tenure_capped,0.07810982,0.0847069236,0.0331835392
GRADE_BY_STEP4occ_610_grade_1_22,GRADE_BY_STEP4 occ_610_grade_1_step_07 * tenure_capped,0.0230329191,0.02232365,-0.008960523
GRADE_BY_STEP4occ_610_grade_1_23,GRADE_BY_STEP4 occ_610_grade_1_step_08 * tenure_capped,0.0597561878,0.0766248862,0.0305991112
GRADE_BY_STEP4occ_610_grade_1_24,GRADE_BY_STEP4 occ_610_grade_1_step_09 * tenure_capped,0.0418597391,0.0507346614,0.013965135
GRADE_BY_STEP4occ_610_grade_1_25,GRADE_BY_STEP4 occ_610_grade_1_step_10 * tenure_capped,0.0301502756,0.0095256476,-0.019147992
GRADE_BY_STEP4occ_610_grade_1_26,GRADE_BY_STEP4 occ_610_grade_1_step_11 * tenure_capped,0.0880032628,0.0604242932,0.0404422678
GRADE_BY_STEP4occ_610_grade_1_27,GRADE_BY_STEP4 occ_610_grade_1_step_12 * tenure_capped,0.0710103913,0.0576554969,0.0269581576
GRADE_BY_STEP4occ_610_grade_1_28,GRADE_BY_STEP4 occ_610_grade_1_step_13 * tenure_capped,0.0541075094,0.0513891664,0.0143332927
GRADE_BY_STEP4occ_610_grade_1_29,GRADE_BY_STEP4 occ_610_grade_1_step_14 * tenure_capped,0.0328903295,0.0447756014,0.0064291169
GRADE_BY_STEP4occ_610_grade_1_30,GRADE_BY_STEP4 occ_610_grade_1_step_X * tenure_capped,0.0433989401,0.0411139833,0.0072280094
GRADE_BY_STEP4occ_610_grade_1_s2,GRADE_BY_STEP4 occ_610_grade_1_step_02,-4.184219738,-4.446453891,-10.684253
GRADE_BY_STEP4occ_610_grade_1_s3,GRADE_BY_STEP4 occ_610_grade_1_step_03,-0.300042312,0.0415259423,0.9969215779
GRADE_BY_STEP4occ_610_grade_1_s4,GRADE_BY_STEP4 occ_610_grade_1_step_04,0.8415116085,0.8467997678,1.739218072
GRADE_BY_STEP4occ_610_grade_1_s5,GRADE_BY_STEP4 occ_610_grade_1_step_05,-0.750302043,-1.468671385,-0.205619248
GRADE_BY_STEP4occ_610_grade_1_s6,GRADE_BY_STEP4 occ_610_grade_1_step_06,-0.40958261,-0.542437827,0.6362606131
GRADE_BY_STEP4occ_610_grade_1_s7,GRADE_BY_STEP4 occ_610_grade_1_step_07,0.3135658799,-0.096251089,1.0008144826
GRADE_BY_STEP4occ_610_grade_1_s8,GRADE_BY_STEP4 occ_610_grade_1_step_08,-0.296905077,-0.483348842,0.654672823
GRADE_BY_STEP4occ_610_grade_1_s9,GRADE_BY_STEP4 occ_610_grade_1_step_09,-0.114859701,-0.225792448,0.8305492283
GRADE_BY_STEP4occ_610_grade_1_st,GRADE_BY_STEP4 occ_610_grade_1_step_01,-5.575371298,-3.859486233,-4.321533862
GRADE_BY_STEP4occ_610_grade_2_10,GRADE_BY_STEP4 occ_610_grade_2_step_10,0.2882053077,0.2922701217,1.2925255864
GRADE_BY_STEP4occ_610_grade_2_11,GRADE_BY_STEP4 occ_610_grade_2_step_11,0.0112531625,-0.01898337,0.9327810598
GRADE_BY_STEP4occ_610_grade_2_12,GRADE_BY_STEP4 occ_610_grade_2_step_12,0.0123377346,0.0926453304,1.0245147315
GRADE_BY_STEP4occ_610_grade_2_13,GRADE_BY_STEP4 occ_610_grade_2_step_13,0.0932969777,-0.162302561,0.9817192608
GRADE_BY_STEP4occ_610_grade_2_14,GRADE_BY_STEP4 occ_610_grade_2_step_14,0.1129057537,0.1993324992,1.1037187086
GRADE_BY_STEP4occ_610_grade_2_15,GRADE_BY_STEP4 occ_610_grade_2_step_X,0.1175806663,0.0191055383,1.1243645239
GRADE_BY_STEP4occ_610_grade_2_16,GRADE_BY_STEP4 occ_610_grade_2_step_01 * tenure_capped,-0.013867467,-0.028357901,-0.068805083
GRADE_BY_STEP4occ_610_grade_2_17,GRADE_BY_STEP4 occ_610_grade_2_step_02 * tenure_capped,0.0363580542,0.0423283044,-0.001872422
GRADE_BY_STEP4occ_610_grade_2_18,GRADE_BY_STEP4 occ_610_grade_2_step_03 * tenure_capped,0.0188047925,0.0517950915,-0.000917935
GRADE_BY_STEP4occ_610_grade_2_19,GRADE_BY_STEP4 occ_610_grade_2_step_04 * tenure_capped,0.0432339195,0.0396132317,0.0090094672
GRADE_BY_STEP4occ_610_grade_2_20,GRADE_BY_STEP4 occ_610_grade_2_step_05 * tenure_capped,0.0364112419,0.0576598253,0.0102632151
GRADE_BY_STEP4occ_610_grade_2_21,GRADE_BY_STEP4 occ_610_grade_2_step_06 * tenure_capped,0.0461208044,0.0443799167,0.0070914152
GRADE_BY_STEP4occ_610_grade_2_22,GRADE_BY_STEP4 occ_610_grade_2_step_07 * tenure_capped,0.0522774887,0.0443997299,0.0162430981
GRADE_BY_STEP4occ_610_grade_2_23,GRADE_BY_STEP4 occ_610_grade_2_step_08 * tenure_capped,0.0330215807,0.041683387,0.0017396008
GRADE_BY_STEP4occ_610_grade_2_24,GRADE_BY_STEP4 occ_610_grade_2_step_09 * tenure_capped,0.0373098594,0.0362686041,0.0028362055
GRADE_BY_STEP4occ_610_grade_2_25,GRADE_BY_STEP4 occ_610_grade_2_step_10 * tenure_capped,0.0426901505,0.0391491947,0.0041951766
GRADE_BY_STEP4occ_610_grade_2_26,GRADE_BY_STEP4 occ_610_grade_2_step_11 * tenure_capped,0.0542705499,0.054325962,0.0201071131
GRADE_BY_STEP4occ_610_grade_2_27,GRADE_BY_STEP4 occ_610_grade_2_step_12 * tenure_capped,0.0532721616,0.0481199957,0.0151597597
GRADE_BY_STEP4occ_610_grade_2_28,GRADE_BY_STEP4 occ_610_grade_2_step_13 * tenure_capped,0.0436145883,0.0480767103,0.0085583798
GRADE_BY_STEP4occ_610_grade_2_29,GRADE_BY_STEP4 occ_610_grade_2_step_14 * tenure_capped,0.0496919537,0.0449517971,0.0137694162
GRADE_BY_STEP4occ_610_grade_2_30,GRADE_BY_STEP4 occ_610_grade_2_step_X * tenure_capped,0.0477244464,0.0519699676,0.0122724945
GRADE_BY_STEP4occ_610_grade_2_s2,GRADE_BY_STEP4 occ_610_grade_2_step_02,0.000368232,-0.253339732,0.9902362844
GRADE_BY_STEP4occ_610_grade_2_s3,GRADE_BY_STEP4 occ_610_grade_2_step_03,0.3743558471,-0.067049971,1.1577260509
GRADE_BY_STEP4occ_610_grade_2_s4,GRADE_BY_STEP4 occ_610_grade_2_step_04,0.0153859579,-0.010102083,0.9149294798
GRADE_BY_STEP4occ_610_grade_2_s5,GRADE_BY_STEP4 occ_610_grade_2_step_05,0.1742018877,-0.193255194,1.031076992
GRADE_BY_STEP4occ_610_grade_2_s6,GRADE_BY_STEP4 occ_610_grade_2_step_06,-0.054969371,-0.072309144,0.9629509183
GRADE_BY_STEP4occ_610_grade_2_s7,GRADE_BY_STEP4 occ_610_grade_2_step_07,-0.003753922,0.0184158471,0.9448548171
GRADE_BY_STEP4occ_610_grade_2_s8,GRADE_BY_STEP4 occ_610_grade_2_step_08,0.2333206233,0.0953352444,1.1427274287
GRADE_BY_STEP4occ_610_grade_2_s9,GRADE_BY_STEP4 occ_610_grade_2_step_09,0.2255071287,0.2175048299,1.1654230301
GRADE_BY_STEP4occ_610_grade_2_st,GRADE_BY_STEP4 occ_610_grade_2_step_01,0.6196175726,0.3957235846,1.4791743531
GRADE_BY_STEP4occ_610_grade_3_10,GRADE_BY_STEP4 occ_610_grade_3_step_10,-0.30763655,-0.173119121,0.6999130105
GRADE_BY_STEP4occ_610_grade_3_11,GRADE_BY_STEP4 occ_610_grade_3_step_11,-0.045292538,-0.089819659,0.9195381347
GRADE_BY_STEP4occ_610_grade_3_12,GRADE_BY_STEP4 occ_610_grade_3_step_12,0.1404720814,0.1030828306,1.119384889
GRADE_BY_STEP4occ_610_grade_3_13,GRADE_BY_STEP4 occ_610_grade_3_step_13,-0.150737555,0.0207765992,0.7915459093
GRADE_BY_STEP4occ_610_grade_3_14,GRADE_BY_STEP4 occ_610_grade_3_step_14,-0.480413554,-0.407261021,0.5405388787
GRADE_BY_STEP4occ_610_grade_3_15,GRADE_BY_STEP4 occ_610_grade_3_step_X,0.3060447124,0.9578724975,1.5647609556
GRADE_BY_STEP4occ_610_grade_3_16,GRADE_BY_STEP4 occ_610_grade_3_step_01 * tenure_capped,0.1392251694,0.0822664805,0.0631621206
GRADE_BY_STEP4occ_610_grade_3_17,GRADE_BY_STEP4 occ_610_grade_3_step_02 * tenure_capped,0.1789437039,0.1659677377,0.1250470237
GRADE_BY_STEP4occ_610_grade_3_18,GRADE_BY_STEP4 occ_610_grade_3_step_03 * tenure_capped,-0.031557797,-0.02577728,-0.075091087
GRADE_BY_STEP4occ_610_grade_3_19,GRADE_BY_STEP4 occ_610_grade_3_step_04 * tenure_capped,0.031482086,0.0282171803,-0.005389509
GRADE_BY_STEP4occ_610_grade_3_20,GRADE_BY_STEP4 occ_610_grade_3_step_05 * tenure_capped,0.0621988435,0.0543118175,0.0172028124
GRADE_BY_STEP4occ_610_grade_3_21,GRADE_BY_STEP4 occ_610_grade_3_step_06 * tenure_capped,0.0287769272,0.0075482849,-0.015933774
GRADE_BY_STEP4occ_610_grade_3_22,GRADE_BY_STEP4 occ_610_grade_3_step_07 * tenure_capped,0.0442159667,0.0460655873,0.0083110385
GRADE_BY_STEP4occ_610_grade_3_23,GRADE_BY_STEP4 occ_610_grade_3_step_08 * tenure_capped,0.0495973409,0.0472905235,0.011946589
GRADE_BY_STEP4occ_610_grade_3_24,GRADE_BY_STEP4 occ_610_grade_3_step_09 * tenure_capped,0.0367018757,0.0341485635,-0.000388405
GRADE_BY_STEP4occ_610_grade_3_25,GRADE_BY_STEP4 occ_610_grade_3_step_10 * tenure_capped,0.0647043655,0.0526417233,0.0247592907
GRADE_BY_STEP4occ_610_grade_3_26,GRADE_BY_STEP4 occ_610_grade_3_step_11 * tenure_capped,0.04796914,0.0481014075,0.0107772432
GRADE_BY_STEP4occ_610_grade_3_27,GRADE_BY_STEP4 occ_610_grade_3_step_12 * tenure_capped,0.0449442569,0.0442651069,0.0081495257
GRADE_BY_STEP4occ_610_grade_3_28,GRADE_BY_STEP4 occ_610_grade_3_step_13 * tenure_capped,0.0508133141,0.0496044137,0.0168791029
GRADE_BY_STEP4occ_610_grade_3_29,GRADE_BY_STEP4 occ_610_grade_3_step_14 * tenure_capped,0.0722006273,0.0672655607,0.0337793545
GRADE_BY_STEP4occ_610_grade_3_30,GRADE_BY_STEP4 occ_610_grade_3_step_X * tenure_capped,0.0306391632,0.0059673788,-0.014661236
GRADE_BY_STEP4occ_610_grade_3_s2,GRADE_BY_STEP4 occ_610_grade_3_step_02,-2.564360658,-2.043456003,-1.011648481
GRADE_BY_STEP4occ_610_grade_3_s3,GRADE_BY_STEP4 occ_610_grade_3_step_03,0.574845296,0.2590801221,1.4469840591
GRADE_BY_STEP4occ_610_grade_3_s4,GRADE_BY_STEP4 occ_610_grade_3_step_04,0.1177548908,0.168446352,1.0729378046
GRADE_BY_STEP4occ_610_grade_3_s5,GRADE_BY_STEP4 occ_610_grade_3_step_05,-0.798976199,-0.564844766,0.4202998708
GRADE_BY_STEP4occ_610_grade_3_s6,GRADE_BY_STEP4 occ_610_grade_3_step_06,0.0364547664,0.4799114285,1.2040425514
GRADE_BY_STEP4occ_610_grade_3_s7,GRADE_BY_STEP4 occ_610_grade_3_step_07,-0.087376602,-0.233693722,0.8047910615
GRADE_BY_STEP4occ_610_grade_3_s8,GRADE_BY_STEP4 occ_610_grade_3_step_08,-0.099151592,-0.089760259,0.8921070126
GRADE_BY_STEP4occ_610_grade_3_s9,GRADE_BY_STEP4 occ_610_grade_3_step_09,-0.031674503,-0.094227186,0.9611763684
GRADE_BY_STEP4occ_610_grade_3_st,GRADE_BY_STEP4 occ_610_grade_3_step_01,-1.937376551,-0.932517083,-0.38834726
GRADE_BY_STEP4occ_610_grade_4_10,GRADE_BY_STEP4 occ_610_grade_4_step_10,0.6234757961,0.5926573601,1.5810487643
GRADE_BY_STEP4occ_610_grade_4_11,GRADE_BY_STEP4 occ_610_grade_4_step_11,0.1812810099,0.4333946587,1.3620161386
GRADE_BY_STEP4occ_610_grade_4_12,GRADE_BY_STEP4 occ_610_grade_4_step_12,0.3567477059,0.1140257679,1.2209933341
GRADE_BY_STEP4occ_610_grade_4_13,GRADE_BY_STEP4 occ_610_grade_4_step_13,5.374540938,6.3231648584,-8.362169419
GRADE_BY_STEP4occ_610_grade_4_14,GRADE_BY_STEP4 occ_610_grade_4_step_14,20.430188419,10.721924799,14.492867481
GRADE_BY_STEP4occ_610_grade_4_15,GRADE_BY_STEP4 occ_610_grade_4_step_X,2.3167549716,1.8106554471,1.3708809454
GRADE_BY_STEP4occ_610_grade_4_16,GRADE_BY_STEP4 occ_610_grade_4_step_01 * tenure_capped,-0.322869758,-0.223176117,-0.382676371
GRADE_BY_STEP4occ_610_grade_4_17,GRADE_BY_STEP4 occ_610_grade_4_step_02 * tenure_capped,-0.032284393,0.045245836,-0.010276433
GRADE_BY_STEP4occ_610_grade_4_18,GRADE_BY_STEP4 occ_610_grade_4_step_03 * tenure_capped,0.1544729964,0.1095066837,0.090763121
GRADE_BY_STEP4occ_610_grade_4_19,GRADE_BY_STEP4 occ_610_grade_4_step_04 * tenure_capped,0.0621005778,0.0378241777,0.0151028338
GRADE_BY_STEP4occ_610_grade_4_20,GRADE_BY_STEP4 occ_610_grade_4_step_05 * tenure_capped,0.0629578912,0.0168047983,-0.003022398
GRADE_BY_STEP4occ_610_grade_4_21,GRADE_BY_STEP4 occ_610_grade_4_step_06 * tenure_capped,0.1330574328,0.0860836991,0.0722879524
GRADE_BY_STEP4occ_610_grade_4_22,GRADE_BY_STEP4 occ_610_grade_4_step_07 * tenure_capped,0.0486591115,0.026633353,0.009649489
GRADE_BY_STEP4occ_610_grade_4_23,GRADE_BY_STEP4 occ_610_grade_4_step_08 * tenure_capped,0.0016471657,-0.02247805,-0.030299681
GRADE_BY_STEP4occ_610_grade_4_24,GRADE_BY_STEP4 occ_610_grade_4_step_09 * tenure_capped,0.0611818978,0.077903049,0.0358201178
GRADE_BY_STEP4occ_610_grade_4_25,GRADE_BY_STEP4 occ_610_grade_4_step_10 * tenure_capped,0.0163560938,0.0182419783,-0.017487129
GRADE_BY_STEP4occ_610_grade_4_26,GRADE_BY_STEP4 occ_610_grade_4_step_11 * tenure_capped,0.0513213358,0.0459862252,0.0095883531
GRADE_BY_STEP4occ_610_grade_4_27,GRADE_BY_STEP4 occ_610_grade_4_step_12 * tenure_capped,0.0424096756,0.0449765862,0.0068414005
GRADE_BY_STEP4occ_610_grade_4_28,GRADE_BY_STEP4 occ_610_grade_4_step_13 * tenure_capped,-0.349254683,-0.392830171,0.078769332
GRADE_BY_STEP4occ_610_grade_4_29,GRADE_BY_STEP4 occ_610_grade_4_step_14 * tenure_capped,-0.878015671,-0.534116708,-0.739178349
GRADE_BY_STEP4occ_610_grade_4_30,GRADE_BY_STEP4 occ_610_grade_4_step_X * tenure_capped,-0.324947851,-0.298094232,-0.362444169
GRADE_BY_STEP4occ_610_grade_4_s2,GRADE_BY_STEP4 occ_610_grade_4_step_02,0.3790432945,-0.405430944,0.8498619529
GRADE_BY_STEP4occ_610_grade_4_s3,GRADE_BY_STEP4 occ_610_grade_4_step_03,-3.236247938,-1.989942166,-1.298534377
GRADE_BY_STEP4occ_610_grade_4_s4,GRADE_BY_STEP4 occ_610_grade_4_step_04,-0.724977991,-0.271383268,0.4958672092
GRADE_BY_STEP4occ_610_grade_4_s5,GRADE_BY_STEP4 occ_610_grade_4_step_05,-0.677431498,0.6762938977,1.1776435387
GRADE_BY_STEP4occ_610_grade_4_s6,GRADE_BY_STEP4 occ_610_grade_4_step_06,-2.396503855,-1.314678449,-0.777565044
GRADE_BY_STEP4occ_610_grade_4_s7,GRADE_BY_STEP4 occ_610_grade_4_step_07,-0.154346414,0.2721410166,0.8711886027
GRADE_BY_STEP4occ_610_grade_4_s8,GRADE_BY_STEP4 occ_610_grade_4_step_08,0.9520794516,1.5551684655,1.8266135707
GRADE_BY_STEP4occ_610_grade_4_s9,GRADE_BY_STEP4 occ_610_grade_4_step_09,-0.059508518,-0.903082443,0.4014876574
GRADE_BY_STEP4occ_610_grade_4_st,GRADE_BY_STEP4 occ_610_grade_4_step_01,1.1336130341,1.6964912539,3.0709290326
GRADE_BY_STEP4occ_620_grade_4_10,GRADE_BY_STEP4 occ_620_grade_4_step_10,0.5477393033,0.3150251233,1.3365134659
GRADE_BY_STEP4occ_620_grade_4_11,GRADE_BY_STEP4 occ_620_grade_4_step_01 * tenure_capped,-0.176444977,-0.126754517,-0.186746999
GRADE_BY_STEP4occ_620_grade_4_12,GRADE_BY_STEP4 occ_620_grade_4_step_02 * tenure_capped,-0.731203891,-0.277585483,-0.39742758
GRADE_BY_STEP4occ_620_grade_4_13,GRADE_BY_STEP4 occ_620_grade_4_step_03 * tenure_capped,-0.241029117,-0.183683037,-0.493501323
GRADE_BY_STEP4occ_620_grade_4_14,GRADE_BY_STEP4 occ_620_grade_4_step_04 * tenure_capped,0.0366930581,0.0525450883,-0.00252515
GRADE_BY_STEP4occ_620_grade_4_15,GRADE_BY_STEP4 occ_620_grade_4_step_05 * tenure_capped,0.0280934968,-0.014762917,0.0287451181
GRADE_BY_STEP4occ_620_grade_4_16,GRADE_BY_STEP4 occ_620_grade_4_step_06 * tenure_capped,2.1426760385,1.5451440124,5.4927042108
GRADE_BY_STEP4occ_620_grade_4_17,GRADE_BY_STEP4 occ_620_grade_4_step_07 * tenure_capped,-0.149413521,-0.187223898,-0.197810713
GRADE_BY_STEP4occ_620_grade_4_18,GRADE_BY_STEP4 occ_620_grade_4_step_08 * tenure_capped,-0.09336423,-0.141634989,-0.151469316
GRADE_BY_STEP4occ_620_grade_4_19,GRADE_BY_STEP4 occ_620_grade_4_step_09 * tenure_capped,0.3328579728,0.5710085464,0.4918726647
GRADE_BY_STEP4occ_620_grade_4_20,GRADE_BY_STEP4 occ_620_grade_4_step_10 * tenure_capped,0.0846181327,0.1375146697,0.0618661067
GRADE_BY_STEP4occ_620_grade_4_s2,GRADE_BY_STEP4 occ_620_grade_4_step_02,1.2784029343,1.5379780869,2.3853504768
GRADE_BY_STEP4occ_620_grade_4_s3,GRADE_BY_STEP4 occ_620_grade_4_step_03,-3.913387709,-3.889961582,0.3685743492
GRADE_BY_STEP4occ_620_grade_4_s4,GRADE_BY_STEP4 occ_620_grade_4_step_04,0.9697426859,0.5221244748,2.1040373934
GRADE_BY_STEP4occ_620_grade_4_s5,GRADE_BY_STEP4 occ_620_grade_4_step_05,-1.037651144,-5.234925157,-1.550661874
GRADE_BY_STEP4occ_620_grade_4_s6,GRADE_BY_STEP4 occ_620_grade_4_step_06,-48.15275503,-33.7822381,-130.7087572
GRADE_BY_STEP4occ_620_grade_4_s7,GRADE_BY_STEP4 occ_620_grade_4_step_07,-3.77343179,-3.221239037,-4.491763276
GRADE_BY_STEP4occ_620_grade_4_s8,GRADE_BY_STEP4 occ_620_grade_4_step_08,-3.117026771,-3.453218118,-4.34791541
GRADE_BY_STEP4occ_620_grade_4_s9,GRADE_BY_STEP4 occ_620_grade_4_step_09,-5.980616121,-9.817251274,-8.482399157
GRADE_BY_STEP4occ_620_grade_4_st,GRADE_BY_STEP4 occ_620_grade_4_step_01,-3.295883679,-3.339497196,-4.28319326
GRADE_BY_STEP4occ_620_grade_5_10,GRADE_BY_STEP4 occ_620_grade_5_step_10,0.2976620556,0.3781033568,1.3755519589
GRADE_BY_STEP4occ_620_grade_5_11,GRADE_BY_STEP4 occ_620_grade_5_step_01 * tenure_capped,-0.102302232,-0.080113442,-0.130147704
GRADE_BY_STEP4occ_620_grade_5_12,GRADE_BY_STEP4 occ_620_grade_5_step_02 * tenure_capped,-0.11555486,-0.163592926,-0.205806146
GRADE_BY_STEP4occ_620_grade_5_13,GRADE_BY_STEP4 occ_620_grade_5_step_03 * tenure_capped,-0.221909065,-0.143736058,-0.213719048
GRADE_BY_STEP4occ_620_grade_5_14,GRADE_BY_STEP4 occ_620_grade_5_step_04 * tenure_capped,-0.046414933,-0.030846729,-0.072317308
GRADE_BY_STEP4occ_620_grade_5_15,GRADE_BY_STEP4 occ_620_grade_5_step_05 * tenure_capped,0.0518891597,0.0466920007,0.0094458825
GRADE_BY_STEP4occ_620_grade_5_16,GRADE_BY_STEP4 occ_620_grade_5_step_06 * tenure_capped,0.0038677756,0.0151342473,-0.021220911
GRADE_BY_STEP4occ_620_grade_5_17,GRADE_BY_STEP4 occ_620_grade_5_step_07 * tenure_capped,0.0018247477,0.0082505785,-0.021134496
GRADE_BY_STEP4occ_620_grade_5_18,GRADE_BY_STEP4 occ_620_grade_5_step_08 * tenure_capped,0.1115671242,0.1060710183,0.0784277216
GRADE_BY_STEP4occ_620_grade_5_19,GRADE_BY_STEP4 occ_620_grade_5_step_09 * tenure_capped,-0.007845556,0.0197218842,-0.033408234
GRADE_BY_STEP4occ_620_grade_5_20,GRADE_BY_STEP4 occ_620_grade_5_step_10 * tenure_capped,0.0351567972,0.0180839782,-0.010171167
GRADE_BY_STEP4occ_620_grade_5_s2,GRADE_BY_STEP4 occ_620_grade_5_step_02,0.1812964219,0.160415782,1.4518941192
GRADE_BY_STEP4occ_620_grade_5_s3,GRADE_BY_STEP4 occ_620_grade_5_step_03,1.225942864,0.7060250205,1.9931296907
GRADE_BY_STEP4occ_620_grade_5_s4,GRADE_BY_STEP4 occ_620_grade_5_step_04,0.867433301,0.7452987906,1.7398069648
GRADE_BY_STEP4occ_620_grade_5_s5,GRADE_BY_STEP4 occ_620_grade_5_step_05,-0.579610614,-0.733304997,0.2389808599
GRADE_BY_STEP4occ_620_grade_5_s6,GRADE_BY_STEP4 occ_620_grade_5_step_06,0.1023054245,0.2973219674,1.1949041562
GRADE_BY_STEP4occ_620_grade_5_s7,GRADE_BY_STEP4 occ_620_grade_5_step_07,0.5581388478,0.7374545342,1.5742294845
GRADE_BY_STEP4occ_620_grade_5_s8,GRADE_BY_STEP4 occ_620_grade_5_step_08,-0.517127799,0.0697001587,0.6557889648
GRADE_BY_STEP4occ_620_grade_5_s9,GRADE_BY_STEP4 occ_620_grade_5_step_09,1.0948423411,0.7778630942,1.8602735089
GRADE_BY_STEP4occ_620_grade_5_st,GRADE_BY_STEP4 occ_620_grade_5_step_01,-3.585443614,-3.96015406,-4.78845783
GRADE_BY_STEP4occ_620_grade_6_10,GRADE_BY_STEP4 occ_620_grade_6_step_10,0.2262684644,0.1981465114,1.216872822
GRADE_BY_STEP4occ_620_grade_6_11,GRADE_BY_STEP4 occ_620_grade_6_step_01 * tenure_capped,0.2271201618,0.2358871474,0.1967891517
GRADE_BY_STEP4occ_620_grade_6_12,GRADE_BY_STEP4 occ_620_grade_6_step_02 * tenure_capped,0.1860141118,0.1958814406,0.1140306323
GRADE_BY_STEP4occ_620_grade_6_13,GRADE_BY_STEP4 occ_620_grade_6_step_03 * tenure_capped,0.1477458282,0.127482895,0.081120042
GRADE_BY_STEP4occ_620_grade_6_14,GRADE_BY_STEP4 occ_620_grade_6_step_04 * tenure_capped,0.0866339118,0.0747090828,0.0427222029
GRADE_BY_STEP4occ_620_grade_6_15,GRADE_BY_STEP4 occ_620_grade_6_step_05 * tenure_capped,0.0406205677,0.0282527192,-0.003966923
GRADE_BY_STEP4occ_620_grade_6_16,GRADE_BY_STEP4 occ_620_grade_6_step_06 * tenure_capped,0.0243834605,0.0208827748,-0.012549128
GRADE_BY_STEP4occ_620_grade_6_17,GRADE_BY_STEP4 occ_620_grade_6_step_07 * tenure_capped,0.0141234801,0.0127773089,-0.024766941
GRADE_BY_STEP4occ_620_grade_6_18,GRADE_BY_STEP4 occ_620_grade_6_step_08 * tenure_capped,0.0454729634,0.0326314361,0.0027406838
GRADE_BY_STEP4occ_620_grade_6_19,GRADE_BY_STEP4 occ_620_grade_6_step_09 * tenure_capped,0.0546208844,0.0485426134,0.0183049147
GRADE_BY_STEP4occ_620_grade_6_20,GRADE_BY_STEP4 occ_620_grade_6_step_10 * tenure_capped,0.0391363288,0.0372641955,0.0019326706
GRADE_BY_STEP4occ_620_grade_6_s2,GRADE_BY_STEP4 occ_620_grade_6_step_02,-0.423653612,-0.45821365,0.9446019651
GRADE_BY_STEP4occ_620_grade_6_s3,GRADE_BY_STEP4 occ_620_grade_6_step_03,-0.66150174,-0.864796704,0.3090651346
GRADE_BY_STEP4occ_620_grade_6_s4,GRADE_BY_STEP4 occ_620_grade_6_step_04,-0.055253922,0.1007278134,1.0052576356
GRADE_BY_STEP4occ_620_grade_6_s5,GRADE_BY_STEP4 occ_620_grade_6_step_05,0.5364864082,0.5309996791,1.5352352734
GRADE_BY_STEP4occ_620_grade_6_s6,GRADE_BY_STEP4 occ_620_grade_6_step_06,0.5986608435,0.7472964424,1.6847435269
GRADE_BY_STEP4occ_620_grade_6_s7,GRADE_BY_STEP4 occ_620_grade_6_step_07,0.8093866804,0.7782666375,1.8280061813
GRADE_BY_STEP4occ_620_grade_6_s8,GRADE_BY_STEP4 occ_620_grade_6_step_08,0.229644749,0.3908355627,1.2972764022
GRADE_BY_STEP4occ_620_grade_6_s9,GRADE_BY_STEP4 occ_620_grade_6_step_09,-0.138760045,-0.089137158,0.8373078933
GRADE_BY_STEP4occ_620_grade_6_st,GRADE_BY_STEP4 occ_620_grade_6_step_01,0.8926653356,0.215480769,1.1411319038
GRADE_BY_STEP4occ_621_grade_4_10,GRADE_BY_STEP4 occ_621_grade_4_step_10,0.406391495,1.020568521,1.803252958
GRADE_BY_STEP4occ_621_grade_4_11,GRADE_BY_STEP4 occ_621_grade_4_step_X,45.606222742,37.603585857,42.290007269
GRADE_BY_STEP4occ_621_grade_4_12,GRADE_BY_STEP4 occ_621_grade_4_step_01 * tenure_capped,-0.590658225,-0.828709878,-0.770875182
GRADE_BY_STEP4occ_621_grade_4_13,GRADE_BY_STEP4 occ_621_grade_4_step_02 * tenure_capped,0.0891223192,0.0003420196,-0.0205681
GRADE_BY_STEP4occ_621_grade_4_14,GRADE_BY_STEP4 occ_621_grade_4_step_03 * tenure_capped,0.0302377813,0.0388036813,0.0149629612
GRADE_BY_STEP4occ_621_grade_4_15,GRADE_BY_STEP4 occ_621_grade_4_step_04 * tenure_capped,0.0152595806,0.0338832526,-0.023256369
GRADE_BY_STEP4occ_621_grade_4_16,GRADE_BY_STEP4 occ_621_grade_4_step_05 * tenure_capped,0.046049593,0.0422646646,0.0068447501
GRADE_BY_STEP4occ_621_grade_4_17,GRADE_BY_STEP4 occ_621_grade_4_step_06 * tenure_capped,0.0104441875,-0.022189559,-0.046779847
GRADE_BY_STEP4occ_621_grade_4_18,GRADE_BY_STEP4 occ_621_grade_4_step_07 * tenure_capped,-0.057087185,-0.070891638,-0.102529075
GRADE_BY_STEP4occ_621_grade_4_19,GRADE_BY_STEP4 occ_621_grade_4_step_08 * tenure_capped,-0.242244002,-0.222270455,-0.239236236
GRADE_BY_STEP4occ_621_grade_4_20,GRADE_BY_STEP4 occ_621_grade_4_step_09 * tenure_capped,0.1065038885,0.0671730037,0.034913986
GRADE_BY_STEP4occ_621_grade_4_21,GRADE_BY_STEP4 occ_621_grade_4_step_10 * tenure_capped,0.0220781095,0.0018030106,-0.026277795
GRADE_BY_STEP4occ_621_grade_4_22,GRADE_BY_STEP4 occ_621_grade_4_step_X * tenure_capped,-2.13212927,-1.789008426,0
GRADE_BY_STEP4occ_621_grade_4_s2,GRADE_BY_STEP4 occ_621_grade_4_step_02,-1.771128914,-1.214619463,-0.396688342
GRADE_BY_STEP4occ_621_grade_4_s3,GRADE_BY_STEP4 occ_621_grade_4_step_03,-0.602920534,-0.268513198,0.4387458612
GRADE_BY_STEP4occ_621_grade_4_s4,GRADE_BY_STEP4 occ_621_grade_4_step_04,0.727813924,0.5517402234,1.7088762958
GRADE_BY_STEP4occ_621_grade_4_s5,GRADE_BY_STEP4 occ_621_grade_4_step_05,0.5335771318,0.4199156991,1.4675280893
GRADE_BY_STEP4occ_621_grade_4_s6,GRADE_BY_STEP4 occ_621_grade_4_step_06,0.5415790544,1.0536347823,1.8395121423
GRADE_BY_STEP4occ_621_grade_4_s7,GRADE_BY_STEP4 occ_621_grade_4_step_07,1.8158515154,1.7395958479,2.8201973417
GRADE_BY_STEP4occ_621_grade_4_s8,GRADE_BY_STEP4 occ_621_grade_4_step_08,3.2696011806,2.9741671447,3.9443582358
GRADE_BY_STEP4occ_621_grade_4_s9,GRADE_BY_STEP4 occ_621_grade_4_step_09,-1.311399912,-0.733929379,0.2373423912
GRADE_BY_STEP4occ_621_grade_4_st,GRADE_BY_STEP4 occ_621_grade_4_step_01,-0.845016104,0.7620900404,0.723536122
GRADE_BY_STEP4occ_621_grade_5_10,GRADE_BY_STEP4 occ_621_grade_5_step_10,0.2059584444,0.1575434413,1.1128616557
GRADE_BY_STEP4occ_621_grade_5_11,GRADE_BY_STEP4 occ_621_grade_5_step_01 * tenure_capped,0.1204682121,0.1627600143,0.1263641301
GRADE_BY_STEP4occ_621_grade_5_12,GRADE_BY_STEP4 occ_621_grade_5_step_02 * tenure_capped,0.0689047381,0.0677673564,0.0652211374
GRADE_BY_STEP4occ_621_grade_5_13,GRADE_BY_STEP4 occ_621_grade_5_step_03 * tenure_capped,-0.00170904,0.0289327844,-0.014127706
GRADE_BY_STEP4occ_621_grade_5_14,GRADE_BY_STEP4 occ_621_grade_5_step_04 * tenure_capped,-0.008983134,0.0013790502,-0.040074037
GRADE_BY_STEP4occ_621_grade_5_15,GRADE_BY_STEP4 occ_621_grade_5_step_05 * tenure_capped,0.0281137696,0.0350371205,-0.016185579
GRADE_BY_STEP4occ_621_grade_5_16,GRADE_BY_STEP4 occ_621_grade_5_step_06 * tenure_capped,0.0065558229,0.0141730024,-0.031600406
GRADE_BY_STEP4occ_621_grade_5_17,GRADE_BY_STEP4 occ_621_grade_5_step_07 * tenure_capped,0.0458679219,0.0460632566,0.0072962003
GRADE_BY_STEP4occ_621_grade_5_18,GRADE_BY_STEP4 occ_621_grade_5_step_08 * tenure_capped,0.0343202579,0.0417270954,0.0001997056
GRADE_BY_STEP4occ_621_grade_5_19,GRADE_BY_STEP4 occ_621_grade_5_step_09 * tenure_capped,0.0539473609,0.0606254153,0.0270982587
GRADE_BY_STEP4occ_621_grade_5_20,GRADE_BY_STEP4 occ_621_grade_5_step_10 * tenure_capped,0.0362210671,0.0372757567,0.0026018894
GRADE_BY_STEP4occ_621_grade_5_s2,GRADE_BY_STEP4 occ_621_grade_5_step_02,-1.351160603,-1.280373822,-0.461187937
GRADE_BY_STEP4occ_621_grade_5_s3,GRADE_BY_STEP4 occ_621_grade_5_step_03,0.2764385686,0.0951838909,1.1584651809
GRADE_BY_STEP4occ_621_grade_5_s4,GRADE_BY_STEP4 occ_621_grade_5_step_04,0.7304611994,0.6511921125,1.7387762284
GRADE_BY_STEP4occ_621_grade_5_s5,GRADE_BY_STEP4 occ_621_grade_5_step_05,0.3588493269,0.4067441348,1.4838109192
GRADE_BY_STEP4occ_621_grade_5_s6,GRADE_BY_STEP4 occ_621_grade_5_step_06,0.758356523,0.4744827488,1.6578674293
GRADE_BY_STEP4occ_621_grade_5_s7,GRADE_BY_STEP4 occ_621_grade_5_step_07,0.1613716978,0.1224714463,1.1364579579
GRADE_BY_STEP4occ_621_grade_5_s8,GRADE_BY_STEP4 occ_621_grade_5_step_08,0.3284417334,0.1354050196,1.2356704682
GRADE_BY_STEP4occ_621_grade_5_s9,GRADE_BY_STEP4 occ_621_grade_5_step_09,-0.009490471,-0.37997117,0.6829878781
GRADE_BY_STEP4occ_621_grade_5_st,GRADE_BY_STEP4 occ_621_grade_5_step_01,-1.962454566,-1.345213643,-0.836795605
GRADE_BY_STEP4occ_621_grade_6_10,GRADE_BY_STEP4 occ_621_grade_6_step_01 * tenure_capped,-0.019288941,0.0651033958,0.0128690904
GRADE_BY_STEP4occ_621_grade_6_11,GRADE_BY_STEP4 occ_621_grade_6_step_02 * tenure_capped,0.174916821,0.3297952886,0.176376925
GRADE_BY_STEP4occ_621_grade_6_12,GRADE_BY_STEP4 occ_621_grade_6_step_03 * tenure_capped,-0.321611217,-0.772564376,-0.503496015
GRADE_BY_STEP4occ_621_grade_6_13,GRADE_BY_STEP4 occ_621_grade_6_step_04 * tenure_capped,-0.02415568,0.0012410537,-0.088161649
GRADE_BY_STEP4occ_621_grade_6_14,GRADE_BY_STEP4 occ_621_grade_6_step_05 * tenure_capped,0.0956303254,-0.025408324,0.0315951697
GRADE_BY_STEP4occ_621_grade_6_15,GRADE_BY_STEP4 occ_621_grade_6_step_06 * tenure_capped,-0.001372942,-0.064024371,-0.111314622
GRADE_BY_STEP4occ_621_grade_6_16,GRADE_BY_STEP4 occ_621_grade_6_step_07 * tenure_capped,-0.138044068,-0.056947215,-0.183396224
GRADE_BY_STEP4occ_621_grade_6_17,GRADE_BY_STEP4 occ_621_grade_6_step_08 * tenure_capped,0.1067146885,0.0339650205,0.0502852406
GRADE_BY_STEP4occ_621_grade_6_18,GRADE_BY_STEP4 occ_621_grade_6_step_09 * tenure_capped,-0.053911387,-0.068483199,-0.107132723
GRADE_BY_STEP4occ_621_grade_6_s2,GRADE_BY_STEP4 occ_621_grade_6_step_02,2.0733429844,0.3253174407,2.3493445179
GRADE_BY_STEP4occ_621_grade_6_s3,GRADE_BY_STEP4 occ_621_grade_6_step_03,2.2517367995,2.748678556,3.6859228423
GRADE_BY_STEP4occ_621_grade_6_s4,GRADE_BY_STEP4 occ_621_grade_6_step_04,0.3860341932,0.5186010265,1.9772909118
GRADE_BY_STEP4occ_621_grade_6_s5,GRADE_BY_STEP4 occ_621_grade_6_step_05,-0.594590618,0.7476123392,0.7217876286
GRADE_BY_STEP4occ_621_grade_6_s6,GRADE_BY_STEP4 occ_621_grade_6_step_06,1.0459421395,1.7048197536,2.8967766422
GRADE_BY_STEP4occ_621_grade_6_s7,GRADE_BY_STEP4 occ_621_grade_6_step_07,2.8095292245,1.5540218167,3.8929545921
GRADE_BY_STEP4occ_621_grade_6_s8,GRADE_BY_STEP4 occ_621_grade_6_step_08,-1.428247799,0.0807462204,-0.008024771
GRADE_BY_STEP4occ_621_grade_6_s9,GRADE_BY_STEP4 occ_621_grade_6_step_09,2.1708439854,2.7418753019,3.8194512351
GRADE_BY_STEP4occ_621_grade_6_st,GRADE_BY_STEP4 occ_621_grade_6_step_01,-3.965783656,-3.803368426,-4.883868012
Intercept,Intercept: Retirement_flag=1,-27.03216304,-27.95915333,-28.93320997
Performance_ModHigh,Performance_Mod High,-0.002447404,0.0110233727,0.0151788297
Performance_ModLow,Performance_Mod Low,1.1441157046,1.0504010996,1.0569234087
Performance_ModModerate,Performance_Mod Moderate,0.2398731573,0.240191869,0.2507153023
VAMCAlbuquerque__NM,"VAMC Albuquerque, NM",0.0505204121,0.2084155396,0.153316793
VAMCAlexandria__LA,"VAMC Alexandria, LA",-0.046117012,-0.005867415,0.0101463579
VAMCAll_Others,VAMC All Others,-0.323536218,-0.224492427,-0.250467789
VAMCAltoona__PA,"VAMC Altoona, PA",0.0264127121,-0.01438253,-0.000617636
VAMCAmarillo__TX,"VAMC Amarillo, TX",0.4272782751,0.3748782145,0.3576096701
VAMCAnchorage__AK,"VAMC Anchorage, AK",-0.220641724,-0.310953893,-0.19279105
VAMCAnn_Arbor__MI,"VAMC Ann Arbor, MI",-0.061935392,-0.095008081,-0.07319852
VAMCAsheville__NC,"VAMC Asheville, NC",0.1330496319,0.1463408174,0.1504364166
VAMCAtlanta__Decatur___GA,"VAMC Atlanta {Decatur}, GA",-0.586987971,-0.416327738,-0.474644855
VAMCAugusta__GA,"VAMC Augusta, GA",0.2432500972,0.2201301637,0.216096806
VAMCBaltimore_HCS__MD,"VAMC Baltimore HCS, MD",-0.113988419,-0.143511955,-0.080612951
VAMCBattle_Creek__MI,"VAMC Battle Creek, MI",0.2944535659,0.3119195374,0.3380560156
VAMCBay_Pines__FL,"VAMC Bay Pines, FL",0.1884747217,0.2048181343,0.2350530266
VAMCBeckley__WV,"VAMC Beckley, WV",0.3655876279,0.3592693614,0.4166937594
VAMCBedford__MA,"VAMC Bedford, MA",-0.41564999,-0.454885681,-0.41597619
VAMCBig_Spring__TX,"VAMC Big Spring, TX",-0.24887787,-0.252915249,-0.221810669
VAMCBiloxi__MS,"VAMC Biloxi, MS",-0.01643182,-0.016499762,-0.072734668
VAMCBirmingham__AL,"VAMC Birmingham, AL",0.138243364,0.2516936718,0.2333320768
VAMCBlack_Hills_HCS__SD,"VAMC Black Hills HCS, SD",0.1153943158,0.1069768462,0.1215026189
VAMCBoise__ID,"VAMC Boise, ID",0.2285570452,0.2167648375,0.2579214509
VAMCBoston_HCS__MA,"VAMC Boston HCS, MA",-0.275510967,-0.33481816,-0.30327785
VAMCBronx__NY,"VAMC Bronx, NY",-0.20081716,-0.205549494,-0.181782456
VAMCBuffalo__NY,"VAMC Buffalo, NY",0.1486196711,0.1197294623,0.1642422403
VAMCButler__PA,"VAMC Butler, PA",0.5164590221,0.6477139611,0.5714392806
VAMCCentral_Texas_HCS__TX,"VAMC Central Texas HCS, TX",-0.031011875,-0.020575507,-0.014523073
VAMCCharleston__SC,"VAMC Charleston, SC",0.2637941347,0.2579838031,0.2682724491
VAMCCheyenne__WY,"VAMC Cheyenne, WY",0.2220085926,0.1473917879,0.2276672112
VAMCChicago_HCS__IL,"VAMC Chicago HCS, IL",-0.62669498,-0.584182072,-0.550814232
VAMCChillicothe__OH,"VAMC Chillicothe, OH",0.3763691424,0.2391874306,0.3276094263
VAMCCincinnati__OH,"VAMC Cincinnati, OH",-0.050123183,-0.013543711,-0.017646906
VAMCClarksburg__WV,"VAMC Clarksburg, WV",-0.019890003,-0.069530203,-0.048263698
VAMCCleveland__OH,"VAMC Cleveland, OH",-0.20025496,-0.249487933,-0.226145174
VAMCCoatesville__PA,"VAMC Coatesville, PA",0.4478042414,0.5907769737,0.4997100301
VAMCColumbia__SC,"VAMC Columbia, SC",0.1204034611,-0.00480355,0.0617271703
VAMCColumbus__OH,"VAMC Columbus, OH",-0.104760238,0.1218744214,0.0108773415
VAMCConnecticut_HCS__CT,"VAMC Connecticut HCS, CT",-0.314920465,-0.251371435,-0.252175571
VAMCDallas__TX,"VAMC Dallas, TX",-0.236607737,-0.257280695,-0.20810563
VAMCDanville__IL,"VAMC Danville, IL",0.4377489136,0.5157770253,0.5063733959
VAMCDayton__OH,"VAMC Dayton, OH",-0.07402295,-0.03761667,-0.023644715
VAMCDenver__CO,"VAMC Denver, CO",0.3528772815,0.3414189694,0.3745815937
VAMCDetroit__MI,"VAMC Detroit, MI",-0.142449419,-0.124343216,-0.086482035
VAMCDublin__GA,"VAMC Dublin, GA",-0.175738258,-0.121476681,-0.178671699
VAMCDurham__NC,"VAMC Durham, NC",-0.031260483,0.0111659411,-0.011877087
VAMCEl_Paso__TX,"VAMC El Paso, TX",0.2045951266,-0.005494423,0.1135859081
VAMCErie__PA,"VAMC Erie, PA",0.1045693541,-0.188550867,0.0054194256
VAMCFargo__ND,"VAMC Fargo, ND",0.0634286691,0.1100530682,0.057036102
VAMCFayetteville__AR,"VAMC Fayetteville, AR",0.6150989264,0.6704532816,0.6337155647
VAMCFayetteville__NC,"VAMC Fayetteville, NC",0.2535808417,0.1472104837,0.2340277129
VAMCFresno__CA,"VAMC Fresno, CA",0.0249724829,0.0797236427,0.1687270592
VAMCGainesville__FL,"VAMC Gainesville, FL",0.1181049693,0.1000451551,0.1248452682
VAMCGrand_Junction__CO,"VAMC Grand Junction, CO",0.4810975434,0.4171882279,0.4639688878
VAMCHampton__VA,"VAMC Hampton, VA",-0.437955785,-0.615187005,-0.510225937
VAMCHines__IL,"VAMC Hines, IL",-0.284657644,-0.319586192,-0.267042083
VAMCHonolulu__HI,"VAMC Honolulu, HI",-0.303473549,-0.377315228,-0.295345326
VAMCHouston__TX,"VAMC Houston, TX",-0.253554403,-0.252872347,-0.238492706
VAMCHudson_Valley_HCS__NY,"VAMC Hudson Valley HCS, NY",-0.372205691,-0.29255537,-0.285537088
VAMCHuntington__WV,"VAMC Huntington, WV",0.5384979768,0.503450383,0.5220316607
VAMCIndianapolis__IN,"VAMC Indianapolis, IN",0.0128070802,0.1610247574,0.0920938791
VAMCIron_Mountain__MI,"VAMC Iron Mountain, MI",0.2282473948,0.3601217907,0.2987728521
VAMCJackson__MS,"VAMC Jackson, MS",-0.175341015,-0.223567798,-0.192520297
VAMCKansas_City__MO,"VAMC Kansas City, MO",0.0269275991,0.0044750297,0.0197681458
VAMCLas_Vegas__NV,"VAMC Las Vegas, NV",0.276008012,0.1862740734,0.2490924424
VAMCLebanon__PA,"VAMC Lebanon, PA",0.4018291046,0.2213136096,0.2585385921
VAMCLexington__KY,"VAMC Lexington, KY",0.2451977236,0.2421276612,0.2487174556
VAMCLittle_Rock__AR,"VAMC Little Rock, AR",0.1482015209,0.1472437634,0.1444354997
VAMCLoma_Linda__CA,"VAMC Loma Linda, CA",-0.239179606,-0.221684709,-0.187181658
VAMCLong_Beach__CA,"VAMC Long Beach, CA",-0.460871257,-0.412678889,-0.398703253
VAMCLos_Angeles_HCS__CA,"VAMC Los Angeles HCS, CA",-0.532294338,-0.482027407,-0.492383022
VAMCLouisville__KY,"VAMC Louisville, KY",0.1732699122,0.1383098274,0.1324524821
VAMCMadison__WI,"VAMC Madison, WI",0.2220179538,0.1776768686,0.2181832412
VAMCManchester__NH,"VAMC Manchester, NH",-0.382329558,-0.268883758,-0.313012255
VAMCManila__PI,"VAMC Manila, PI",-1.879531133,-2.031276004,-3.819397656
VAMCMartinsburg__WV,"VAMC Martinsburg, WV",0.1490346179,0.0077977252,0.0712051014
VAMCMemphis__TN,"VAMC Memphis, TN",-0.699118152,-0.566518827,-0.600373026
VAMCMiami__FL,"VAMC Miami, FL",-0.201835393,-0.153616051,-0.165403972
VAMCMid_Tenn__HCS__TN,"VAMC Mid Tenn. HCS, TN",0.1176526939,0.04494179,0.0953023862
VAMCMilwaukee__WI,"VAMC Milwaukee, WI",-0.000283672,-0.008894772,0.0473908974
VAMCMinneapolis__MN,"VAMC Minneapolis, MN",-0.20637788,-0.109625326,-0.117214703
VAMCMontana_HCS__MT,"VAMC Montana HCS, MT",-0.013586522,-0.014231954,0.0482919876
VAMCMontgomery__AL,"VAMC Montgomery, AL",0.1760582672,0.1378499228,0.1576568204
VAMCMountain_Home__TN,"VAMC Mountain Home, TN",0.319211005,0.3840590224,0.3867332419
VAMCMuskogee__OK,"VAMC Muskogee, OK",0.3258817051,0.3420773124,0.2975534447
VAMCNY_Harbor_HCS__NY,"VAMC NY Harbor HCS, NY",-0.717362464,-0.815146503,-0.760683445
VAMCNebraska_W_Iowa__NE,"VAMC Nebraska-W Iowa, NE",0.2058733411,0.288718395,0.2908081959
VAMCNew_Jersey_HCS__NJ,"VAMC New Jersey HCS, NJ",-0.557091319,-0.494641395,-0.521079348
VAMCNew_Orleans__LA,"VAMC New Orleans, LA",-0.548068235,-0.683207347,-0.561267216
VAMCNorth_Arizona_HCS__AZ,"VAMC North Arizona HCS, AZ",0.3445760561,0.3298802896,0.3521375431
VAMCNorth_Calif_HCS__CA,"VAMC North Calif HCS, CA",-0.542917086,-0.523690082,-0.495998208
VAMCNorth_Chicago__IL,"VAMC North Chicago, IL",-0.498175956,-0.356520961,-0.353640802
VAMCNorth_Indiana_HCS__IN,"VAMC North Indiana HCS, IN",0.3387762623,0.340716442,0.3262850477
VAMCNorthampton__MA,"VAMC Northampton, MA",0.1302501707,0.119303999,0.1097996211
VAMCNorthport__NY,"VAMC Northport, NY",-0.411504796,-0.558922306,-0.465246187
VAMCOklahoma_City__OK,"VAMC Oklahoma City, OK",-0.200046943,0.0199940778,-0.081317014
VAMCOrlando__FL,"VAMC Orlando, FL",-0.114072186,-0.225222684,-0.189080886
VAMCPalo_Alto__CA,"VAMC Palo Alto, CA",-0.318435792,-0.38194272,-0.301969462
VAMCPhiladelphia__PA,"VAMC Philadelphia, PA",-0.213429109,-0.27584591,-0.199552509
VAMCPhoenix__AZ,"VAMC Phoenix, AZ",0.0344687764,0.0081462383,0.0405045326
VAMCPittsburgh__PA,"VAMC Pittsburgh, PA",0.1378681339,0.1090511795,0.1089782713
VAMCPortland__OR,"VAMC Portland, OR",-0.007778038,-0.087326436,-0.009840109
VAMCProvidence__RI,"VAMC Providence, RI",-0.024235318,0.0058452695,-0.016881717
VAMCPuget_Sound_HCS__WA,"VAMC Puget Sound HCS, WA",-0.066604023,-0.045867512,-0.046930745
VAMCReno__NV,"VAMC Reno, NV",0.0585266157,0.1944322093,0.147535553
VAMCRichmond__VA,"VAMC Richmond, VA",-0.023310161,-0.052026678,-0.037996472
VAMCRoseburg__OR,"VAMC Roseburg, OR",0.5390504982,0.4788755203,0.5267462928
VAMCSaginaw__MI,"VAMC Saginaw, MI",0.5173170616,0.4065820511,0.4377413005
VAMCSalem__VA,"VAMC Salem, VA",-0.083355878,0.0031378068,-0.041090156
VAMCSalisbury__NC,"VAMC Salisbury, NC",0.3310327358,0.3230380222,0.3092305982
VAMCSalt_Lake_City__UT,"VAMC Salt Lake City, UT",-0.08234637,-0.027747127,-0.10807832
VAMCSan_Diego__CA,"VAMC San Diego, CA",-0.416634312,-0.431547316,-0.416280922
VAMCSan_Francisco__CA,"VAMC San Francisco, CA",-0.371951814,-0.467596459,-0.381826568
VAMCSan_Juan__PR,"VAMC San Juan, PR",0.4893287182,0.3574823209,0.4524758742
VAMCSheridan__WY,"VAMC Sheridan, WY",-0.021790718,0.1272266283,0.0427371551
VAMCShreveport__LA,"VAMC Shreveport, LA",0.2883618583,0.4432754072,0.362084814
VAMCSioux_Falls__SD,"VAMC Sioux Falls, SD",0.0738076492,0.2545825025,0.1464951393
VAMCSouth_Arizona_HCS__AZ,"VAMC South Arizona HCS, AZ",0.7474749017,0.7011908445,0.7653697784
VAMCSouth_Texas_HCS__TX,"VAMC South Texas HCS, TX",0.0194959557,0.1788243341,0.0925723328
VAMCSpokane__WA,"VAMC Spokane, WA",0.0389269246,0.0679303114,0.0898288747
VAMCSt__Cloud__MN,"VAMC St. Cloud, MN",0.4043588098,0.4375532289,0.422861279
VAMCSt__Louis__MO,"VAMC St. Louis, MO",0.1113575471,0.127692538,0.134595836
VAMCTampa__FL,"VAMC Tampa, FL",-0.007560312,-0.057254222,-0.016764972
VAMCTexas_Valley_Coast_HCS,VAMC Texas Valley Coast HCS,-0.27011593,-0.212778037,-0.305018689
VAMCTogus__ME,"VAMC Togus, ME",0.2508457826,0.2536093602,0.253406824
VAMCTomah__WI,"VAMC Tomah, WI",0.4956612419,0.4488857694,0.4930178938
VAMCTuscaloosa__AL,"VAMC Tuscaloosa, AL",0.2758697369,0.4023085898,0.3385647835
VAMCWalla_Walla__WA,"VAMC Walla Walla, WA",0.5846129578,0.549398749,0.5363967509
VAMCWashington__DC,"VAMC Washington, DC",-0.714924046,-0.615466715,-0.614736087
VAMCWest_Palm_Beach__FL,"VAMC West Palm Beach, FL",-0.328620531,-0.324008386,-0.303313471
VAMCWhite_City__OR,"VAMC White City, OR",0.8351593304,0.4998623698,0.7213579198
VAMCWhite_River_Jct___VT,"VAMC White River Jct., VT",-0.316668136,-0.326517101,-0.367067758
VAMCWilkes_Barre__PA,"VAMC Wilkes-Barre, PA",-0.161193143,-0.090905229,-0.140056096
_LNLIKE_,Model Log Likelihood,-166543.1598,-171109.8471,-504132.0326
age_capped,,0.4931190761,0.5220930333,0.5205374805
age_squarred,,-0.001758077,-0.001999772,-0.001971271
rate,,-0.035097577,-0.031286517,-0.03562674
tenure_capped,,0.3231161839,0.3260854241,0.3666121227
tenure_cappedage_capped,tenure_capped * age_capped,-0.004165467,-0.004157151,-0.004264868
tenure_squarred,,-0.00145003,-0.001474343,-0.001450424
